name,title of comment,content of comment
فرهاد میرزایی,بسته‌بندی خوب,خیلی خوشحالم که این را خریدم، کیفیتش فوق‌العاده است.
رویا جعفری,بسته‌بندی خوب,وبسایت آسان برای استفاده.
نسترن کیانی,بسته‌بندی خوب,ارزش هر ریالی را داشت.
حسین نوری,خیلی خوب,بوی خوبی دارد.
پریسا احمدی,عالی و باکیفیت,این محصول واقعاً عالی بود، ممنون از فروشنده.
آرش شریفی,بهترین انتخاب,یکی از بهترین خریدهای من بود.
الهه علوی,عالی بود,خیلی خوشحالم که این را خریدم، کیفیتش فوق‌العاده است.
سارا پور,ممنونم,ارزش هر ریالی را داشت.
حسین عباسی,خیلی خوب,هیچ مشکلی نداشتم، همه چیز عالی.
الهه نادری,کیفیت بالا,محصول مطابق توضیحات بود، راضی هستم.
فاطمه فلاح,محصول فوق‌العاده,سریع به دستم رسید، ممنون.
رویا مرادی,رضایت کامل,سریع به دستم رسید، ممنون.
مینا شریفی,خرید دوباره,هیچ حساسیتی ایجاد نکرد.
زهرا نوری,عالی و باکیفیت,قیمتش عالی بود نسبت به کیفیت.
فاطمه اسدی,فوق‌العاده,طراحی زیبا و کیفیت عالی.
سیما کاظمی,عالی بود,محصول مطابق توضیحات بود، راضی هستم.
علی سلطانی,بهترین انتخاب,این محصول واقعاً عالی بود، ممنون از فروشنده.
امیر بهشتی,تشکر,بسیار مفید و موثر.
آتوسا قاسمی,رضایت کامل,محصول مطابق توضیحات بود، راضی هستم.
فرهاد سلطانی,خیلی خوب,رنگ و بافتش عالی است.
ترانه کیانی,عالی بود,طراحی زیبا و کیفیت عالی.
محمد کریمی,خوشحالم,قیمتش عالی بود نسبت به کیفیت.
بهروز زارع,قیمت مناسب,یکی از بهترین خریدهای من بود.
زهرا زارع,بسته‌بندی خوب,سریع به دستم رسید، ممنون.
آتوسا رحیمی,فوق‌العاده,سرویس مشتری عالی بود.
احمد حیدری,توصیه می‌کنم,محصول مطابق توضیحات بود، راضی هستم.
پوریا علوی,محصول فوق‌العاده,به موقع تحویل شد.
نازنین رستمی,ممنونم,خیلی خوشحالم که این را خریدم، کیفیتش فوق‌العاده است.
فرهاد امینی,قیمت مناسب,سرویس مشتری عالی بود.
آتوسا امینی,خرید دوباره,طولانی مدت ماندگار است.
محمد اسدی,راضی هستم,تشکر از خدمات خوب شما.
مهسا مرادی,تجربه عالی,بسته‌بندی حرفه‌ای داشت.
الهه جعفری,توصیه می‌کنم,دوباره از این سایت خرید خواهم کرد.
لیلا علوی,ارزشمند,وبسایت آسان برای استفاده.
فاطمه صفایی,توصیه می‌کنم,دوباره از این سایت خرید خواهم کرد.
الهه باقری,ارسال سریع,بسیار مفید و موثر.
علی رحیمی,خوشحالم,هیچ مشکلی نداشتم، همه چیز عالی.
مهدی افشاری,ارزشمند,برای هدیه عالی بود.
کیان سعیدی,عالی بود,ارزش هر ریالی را داشت.
شادی شریفی,تجربه عالی,برای هدیه عالی بود.
نازنین فلاح,فوق‌العاده,وبسایت آسان برای استفاده.
زهرا مرادی,خوشحالم,طولانی مدت ماندگار است.
گلناز کاظمی,ممنونم,سرویس مشتری عالی بود.
سیاوش عباسی,بهترین انتخاب,سریع به دستم رسید، ممنون.
گلناز احمدی,توصیه می‌کنم,قیمتش عالی بود نسبت به کیفیت.
علی شریفی,راضی هستم,محصول اورجینال بود.
سارا اسدی,رضایت کامل,توضیحات دقیق بود.
رویا احمدی,رضایت کامل,بسیار مفید و موثر.
مهسا نادری,تجربه عالی,تشکر از خدمات خوب شما.
نازنین رسولی,زیبا و موثر,بسیار مفید و موثر.
پوریا محمدی,فوق‌العاده,رنگ و بافتش عالی است.
پوریا رحیمی,بهترین انتخاب,ارزش خرید دارد.
علی سعیدی,خوشحالم,طولانی مدت ماندگار است.
پریسا احمدی,عالی بود,خیلی خوشحالم که این را خریدم، کیفیتش فوق‌العاده است.
گلناز فلاح,زیبا و موثر,طولانی مدت ماندگار است.
حسن رحیمی,راضی هستم,این محصول واقعاً عالی بود، ممنون از فروشنده.
رویا نوری,فوق‌العاده,دوباره از این سایت خرید خواهم کرد.
احمد کیانی,عالی و باکیفیت,تخفیف‌های خوبی داشت.
فاطمه رستمی,تشکر,عکس‌ها واقعی بودند.
حسن یزدانی,عالی بود,بوی خوبی دارد.
مینا رسولی,قیمت مناسب,ارزش خرید دارد.
عباس احمدی,فوق‌العاده,تخفیف‌های خوبی داشت.
مینا میرزایی,راضی هستم,سرویس مشتری عالی بود.
محمد صفایی,بسته‌بندی خوب,سریع به دستم رسید، ممنون.
امیر فرد,ارسال سریع,این محصول واقعاً عالی بود، ممنون از فروشنده.
شادی کیانی,عالی و باکیفیت,سرویس مشتری عالی بود.
فرهاد رسولی,ارزشمند,قیمتش عالی بود نسبت به کیفیت.
کوروش رضایی,عالی و باکیفیت,بسیار مفید و موثر.
حسن فرد,خرید دوباره,یکی از بهترین خریدهای من بود.
مینا جمشیدی,قیمت مناسب,سرویس مشتری عالی بود.
پریسا صالحی,تجربه عالی,توضیحات دقیق بود.
داریوش اسدی,خرید دوباره,این محصول واقعاً عالی بود، ممنون از فروشنده.
گلناز زارع,کیفیت بالا,ارزش هر ریالی را داشت.
ترانه شفیعی,راضی هستم,قیمتش عالی بود نسبت به کیفیت.
کیان باقری,تجربه عالی,قیمتش عالی بود نسبت به کیفیت.
زهرا صفایی,کیفیت بالا,تشکر از خدمات خوب شما.
حسین محمدی,بهترین انتخاب,محصول مطابق توضیحات بود، راضی هستم.
آرش رضایی,رضایت کامل,تخفیف‌های خوبی داشت.
حسن حیدری,تجربه عالی,سریع به دستم رسید، ممنون.
بهروز طاهری,راضی هستم,از مواد طبیعی ساخته شده.
بهنام شفیعی,ارسال سریع,توضیحات دقیق بود.
گلناز مرادی,بسته‌بندی خوب,این محصول واقعاً عالی بود، ممنون از فروشنده.
مینا فلاح,خیلی خوب,بسیار مفید و موثر.
نسترن محمدی,خرید دوباره,دوباره از این سایت خرید خواهم کرد.
نیما بهشتی,محصول فوق‌العاده,وبسایت آسان برای استفاده.
بهروز حیدری,عالی و باکیفیت,توضیحات دقیق بود.
رویا بهشتی,تجربه عالی,رنگ و بافتش عالی است.
مینا پور,خیلی خوب,محصول اورجینال بود.
فاطمه اسدی,تشکر,محصول مطابق توضیحات بود، راضی هستم.
کیان محمدی,کیفیت بالا,این محصول واقعاً عالی بود، ممنون از فروشنده.
پریسا کریمی,توصیه می‌کنم,این محصول واقعاً عالی بود، ممنون از فروشنده.
نیما نادری,توصیه می‌کنم,برای هدیه عالی بود.
پوریا باقری,خوشحالم,سریع به دستم رسید، ممنون.
علی فرد,عالی و باکیفیت,از مواد طبیعی ساخته شده.
گلناز موسوی,راضی هستم,دوباره از این سایت خرید خواهم کرد.
بهروز میرزایی,ممنونم,ارزش خرید دارد.
لیلا باقری,خرید دوباره,تشکر از خدمات خوب شما.
حسن عباسی,بهترین انتخاب,تشکر از خدمات خوب شما.
مینا حسینی,فوق‌العاده,هیچ مشکلی نداشتم، همه چیز عالی.
لیلا بهشتی,توصیه می‌کنم,به موقع تحویل شد.
```